rank,index,true_value,predicted_value,absolute_error,relative_error_pct,total_receipts_amount,trip_duration_days,miles_traveled
1,151,322.0,1191.8548483421594,869.8548483421594,270.1412572491178,2321.49,4.0,69.0
2,683,644.69,1507.390332391276,862.7003323912759,133.81630433096151,1645.99,8.0,795.0
3,995,446.94,1237.2017226090195,790.2617226090194,176.81606537992113,1809.49,1.0,1082.0
